{"cameraMode":{"drawMode":0,"name":"Shaded","section":"Shading Mode"},"sceneLighting":false,"audioPlay":false,"sceneViewState":{"m_AlwaysRefresh":false,"showFog":true,"showSkybox":false,"showFlares":true,"showImageEffects":true,"showParticleSystems":true,"showVisualEffectGraphs":true,"m_FxEnabled":true},"in2DMode":false,"pivot":{"x":0.00005537271499633789,"y":0.7548449635505676,"z":-0.04434888809919357},"rotation":{"x":0.003999905660748482,"y":-0.0069993301294744019,"z":0.000026855959731619805,"w":0.9999743103981018},"size":1.0150349140167237,"orthographic":false}