{"cameraMode":{"drawMode":0,"name":"Shaded","section":"Shading Mode"},"sceneLighting":true,"audioPlay":false,"sceneViewState":{"m_AlwaysRefresh":false,"showFog":true,"showSkybox":true,"showFlares":true,"showImageEffects":true,"showParticleSystems":true,"showVisualEffectGraphs":true,"m_FxEnabled":true},"in2DMode":false,"pivot":{"x":-3.21733021736145,"y":15.819381713867188,"z":-20.99408531188965},"rotation":{"x":-0.013994921930134297,"y":0.026596663519740106,"z":0.0003731039469130337,"w":0.9995647072792053},"size":10.150440216064454,"orthographic":true}