{"cameraMode":{"drawMode":0,"name":"Shaded","section":"Shading Mode"},"sceneLighting":false,"audioPlay":false,"sceneViewState":{"m_AlwaysRefresh":false,"showFog":false,"showSkybox":false,"showFlares":false,"showImageEffects":false,"showParticleSystems":false,"showVisualEffectGraphs":true,"m_FxEnabled":true},"in2DMode":false,"pivot":{"x":0.00005537271499633789,"y":0.7548449635505676,"z":-0.04434888809919357},"rotation":{"x":0.06679194420576096,"y":-0.915265679359436,"z":0.17034406960010529,"w":0.3590058982372284},"size":1.0150349140167237,"orthographic":true}